Date,Atl,Bos,Bkn,Cha,Chi,Cle,Dal,Den,Det,Gsw,Hou,Ind,LAC,LAL,Mem,Mia,Mil,Min,NO,NY,OKC,Orl,Phi,Pho,Por,Sac,SA,Tor,Uth,Was,Date
Tu-10/16,,phi,,,,,,,,okc,,,,,,,,,,,@ gsw,,@ bos,,,,,,,,Tu-10/16
We-10/17,@ nyk,,@ det,mil,,@ tor,@ pho,@ lac,bkn,,nor,mem,den,,@ ind,@ orl,@ cha,@ sas,@ hou,atl,,mia,,dal,,uth,min,cle,@ sac,,We-10/17
Th-10/18,,,,,@ phi,,,,,,,,,@ por,,@ was,,,,,,,chi,,lal,,,,,mia,Th-10/18
Fr-10/19,@ mem,@ tor,nyk,@ orl,,@ min,,,,@ uth,,@ mil,okc,,atl,,ind,cle,sac,@ bkn,@ lac,cha,,,,@ nor,,bos,gsw,,Fr-10/19
Sa-10/20,,@ nyk,@ ind,@ mia,det,,min,pho,@ chi,,@ lal,bkn,,hou,,cha,,@ dal,,bos,,@ phi,orl,@ den,sas,,@ por,@ was,,tor,Sa-10/20
Su-10/21,@ cle,,,,,atl,,gsw,,@ den,@ lac,,hou,,,,,,,,sac,,,,,@ okc,,,,,Su-10/21
Mo-10/22,,orl,,@ tor,@ dal,,chi,,,pho,,@ min,,sas,@ uth,,nyk,ind,,@ mil,,@ bos,,@ gsw,was,,@ lal,cha,mem,@ por,Mo-10/22
Tu-10/23,,,,,,,,sac,phi,,,,@ nor,,,,,,lac,,,,@ det,,,@ den,,,,,Tu-10/23
We-10/24,dal,,@ cle,@ chi,cha,bkn,@ atl,,,was,uth,@ sas,,@ pho,@ sac,nyk,phi,@ tor,,@ mia,,,@ mil,lal,,mem,ind,min,@ hou,@ gsw,We-10/24
Th-10/25,,@ okc,,,,@ det,,@ lal,cle,,,,,den,,,,,,,bos,por,,,@ orl,,,,,,Th-10/25
Fr-10/26,,,@ nor,chi,@ cha,,@ tor,,,@ nyk,lac,,@ hou,,,,@ min,mil,bkn,gsw,,,,,,was,,dal,,@ sac,Fr-10/26
Sa-10/27,chi,@ det,,@ phi,@ atl,ind,,,bos,,,@ cle,,@ sas,pho,por,orl,,uth,,,@ mil,cha,@ mem,@ mia,,lal,,@ nor,,Sa-10/27
Su-10/28,,,gsw,,,,uth,,,@ bkn,,,was,,,,,,,,pho,,,@ okc,,,,,@ dal,@ lac,Su-10/28
Mo-10/29,@ phi,,@ nyk,,gsw,,@ sas,nor,,@ chi,,por,,@ min,,sac,tor,lal,@ den,bkn,,,atl,,@ ind,@ mia,dal,@ mil,,,Mo-10/29
Tu-10/30,@ cle,det,,mia,,atl,,,@ bos,,por,,@ okc,,was,@ cha,,,,,lac,sac,@ tor,,@ hou,@ orl,,phi,,@ mem,Tu-10/30
We-10/31,,,det,,den,,@ lal,@ chi,@ bkn,nor,,@ nyk,,dal,,,,uth,@ gsw,ind,,,,sas,,,@ pho,,@ min,,We-10/31
Th-11/1,sac,mil,,okc,,den,,@ cle,,,,,@ phi,,,,@ bos,,@ por,,@ cha,,lac,,nor,@ atl,,,,,Th-11/1
Fr-11/2,,,hou,,ind,,nyk,,,min,@ bkn,@ chi,@ orl,,@ uth,,,@ gsw,,@ dal,@ was,lac,,tor,,,,@ pho,mem,okc,Fr-11/2
Sa-11/3,mia,@ ind,,cle,hou,@ cha,,uth,@ phi,,@ chi,bos,,@ por,,@ atl,,,@ sas,,,,det,,lal,,nor,,@ den,,Sa-11/3
Su-11/4,,,phi,,,,,,,,,,,tor,@ pho,,sac,@ por,,@ was,,@ sas,@ bkn,mem,min,@ mil,orl,@ lal,,nyk,Su-11/4
Mo-11/5,,@ den,,,@ nyk,@ orl,,bos,mia,mem,@ ind,hou,min,,@ gsw,@ det,,@ lac,@ okc,chi,nor,cle,,,,,,@ uth,tor,,Mo-11/5
Tu-11/6,@ cha,,@ pho,atl,,,was,,,,,,,,,,@ por,,,,,,,bkn,mil,,,,,@ dal,Tu-11/6
We-11/7,nyk,,,,@ nor,okc,@ uth,@ mem,@ orl,,,phi,,min,den,sas,,@ lal,chi,@ atl,@ cle,det,@ ind,,,tor,@ mia,@ sac,dal,,We-11/7
Th-11/8,,@ pho,,,,,,,,mil,@ okc,,@ por,,,,@ gsw,,,,hou,,,bos,lac,,,,,,Th-11/8
Fr-11/9,det,@ uth,@ den,@ phi,,,,bkn,@ atl,,,@ mia,,,,ind,,@ sac,,,,was,cha,,,min,,,bos,@ orl,Fr-11/9
Sa-11/10,,,@ gsw,,cle,@ chi,okc,,,bkn,@ sas,,mil,@ sac,phi,was,@ lac,,pho,@ tor,@ dal,,@ mem,@ nor,,lal,hou,nyk,,@ mia,Sa-11/10
Su-11/11,@ lal,@ por,,@ det,,,,mil,cha,,ind,@ hou,,atl,,,@ den,,,orl,,@ nyk,,,bos,,,,,,Su-11/11
Mo-11/12,,,@ min,,dal,,@ chi,,,@ lac,,,gsw,,uth,phi,,bkn,@ tor,,pho,@ was,@ mia,@ okc,,sas,@ sac,nor,@ mem,orl,Mo-11/12
Tu-11/13,@ gsw,,,@ cle,,cha,,hou,,atl,@ den,,,,,,,,,,,,,,,,,,,,Tu-11/13
We-11/14,,chi,mia,,@ bos,@ was,uth,,@ tor,,,,,por,@ mil,@ bkn,mem,nor,@ min,@ okc,nyk,phi,@ orl,sas,@ lal,,@ pho,det,@ dal,cle,We-11/14
Th-11/15,@ den,,,,,,,atl,,@ hou,gsw,,sas,,,,,,,,,,,,,,@ lac,,,,Th-11/15
Fr-11/16,,tor,@ was,,@ mil,,,,,,,mia,,,sac,@ ind,chi,por,nyk,@ nor,,,uth,,@ min,@ mem,,@ bos,@ phi,bkn,Fr-11/16
Sa-11/17,@ ind,uth,lac,phi,tor,,gsw,@ nor,,@ dal,sac,atl,@ bkn,@ orl,,,,,den,,@ pho,lal,@ cha,okc,,@ hou,,@ chi,@ bos,,Sa-11/17
Su-11/18,,,,,,,,,,@ sas,,,,@ mia,@ min,lal,,mem,,@ orl,,nyk,,,@ was,,gsw,,,por,Su-11/18
Mo-11/19,lac,@ cha,,bos,,@ det,@ mem,@ mil,cle,,,uth,@ atl,,dal,,den,,sas,,@ sac,,pho,@ phi,,okc,@ nor,,@ ind,,Mo-11/19
Tu-11/20,,,@ mia,,,,,,,,,,@ was,,,bkn,,,,por,,tor,,,@ nyk,,,@ orl,,lac,Tu-11/20
We-11/21,tor,nyk,@ dal,ind,pho,lal,bkn,@ min,@ hou,okc,det,@ cha,,@ cle,@ sas,,por,den,@ phi,@ bos,@ gsw,,nor,@ chi,@ mil,@ uth,mem,@ atl,sac,,We-11/21
Th-11/22,,,,,,,,,,,,,,,,,,,,,,,,,,,,,,,Th-11/22
Fr-11/23,bos,@ atl,min,@ okc,mia,@ phi,,orl,hou,por,@ det,sas,mem,uth,@ lac,@ chi,pho,@ bkn,@ nyk,nor,cha,@ den,cle,@ mil,@ gsw,,@ ind,was,@ lal,@ tor,Fr-11/23
Sa-11/24,,@ dal,,,@ min,hou,bos,@ okc,,sac,@ cle,,,,,,sas,chi,@ was,,den,,,,,@ gsw,@ mil,,,nor,Sa-11/24
Su-11/25,cha,,phi,@ atl,,,,,pho,,,,@ por,orl,nyk,@ tor,,,,@ mem,,@ lal,@ bkn,@ det,lac,uth,,mia,@ sac,,Su-11/25
Mo-11/26,,@ nor,,mil,sas,min,,,,orl,@ was,@ uth,,,,,@ cha,@ cle,bos,,,@ gsw,,,,,@ chi,,ind,hou,Mo-11/26
Tu-11/27,@ mia,,,,,,,lal,nyk,,,@ pho,,@ den,tor,atl,,,,@ det,,,,ind,,,,@ mem,,,Tu-11/27
We-11/28,@ cha,,uth,atl,@ mil,@ okc,@ hou,,,,dal,,pho,,,,chi,sas,was,@ phi,cle,@ por,nyk,@ lac,orl,,@ min,,@ bkn,@ nor,We-11/28
Th-11/29,,,,,,,,,,@ tor,,@ lal,@ sac,ind,,,,,,,,,,,,lac,,gsw,,,Th-11/29
Fr-11/30,@ okc,cle,mem,uth,@ det,@ bos,@ lal,@ por,chi,,@ sas,,,dal,@ bkn,nor,,,@ mia,,atl,@ pho,was,orl,den,,hou,,@ cha,@ phi,Fr-11/30
Sa-12/1,,@ min,@ was,,@ hou,tor,,,gsw,@ det,chi,@ sac,,,,,@ nyk,bos,,mil,,,,,,ind,,@ cle,,bkn,Sa-12/1
Su-12/2,,,,nor,,,lac,,,,,,@ dal,pho,@ phi,uth,,,@ cha,,,,mem,@ lal,@ sas,,por,,@ mia,,Su-12/2
Mo-12/3,gsw,,cle,,,@ bkn,,@ tor,okc,@ atl,@ min,,@ nor,,,,,hou,lac,was,@ det,,,,,,,den,,@ nyk,Mo-12/3
Tu-12/4,,,,,@ ind,,por,,,,,chi,,,,orl,,,,,,@ mia,,sac,@ dal,@ pho,@ uth,,sas,,Tu-12/4
We-12/5,was,,okc,@ min,,gsw,@ nor,@ orl,@ mil,@ cle,,,@ mem,sas,lac,,det,cha,dal,,@ bkn,den,@ tor,,,,@ lal,phi,,@ atl,We-12/5
Th-12/6,,nyk,,,,,,,,,@ uth,,,,,,,,,@ bos,,,,@ por,pho,,,,hou,,Th-12/6
Fr-12/7,,,tor,den,okc,sac,,@ cha,phi,@ mil,,@ orl,,@ sas,@ nor,@ pho,gsw,,mem,,@ chi,ind,@ det,mia,,@ cle,lal,@ bkn,,,Fr-12/7
Sa-12/8,den,@ chi,@ nyk,,bos,was,hou,@ atl,,,@ dal,sac,mia,@ mem,lal,@ lac,,@ por,,bkn,,,,,min,@ ind,,,,@ cle,Sa-12/8
Su-12/9,,,,@ nyk,,,,,nor,,,,,,,,@ tor,,@ det,cha,,,,,,,uth,mil,@ sas,,Su-12/9
Mo-12/10,,nor,,,sac,@ mil,orl,mem,@ phi,min,,was,@ pho,mia,@ den,@ lal,cle,@ gsw,@ bos,,uth,@ dal,det,lac,,@ chi,,,@ okc,@ ind,Mo-12/10
Tu-12/11,,,,,,,,,,,por,,tor,,,,,,,,,,,@ sas,@ hou,,pho,@ lac,,,Tu-12/11
We-12/12,@ dal,@ was,@ phi,det,,nyk,atl,,@ cha,tor,,mil,,,por,@ uth,@ ind,@ sac,okc,@ cle,@ nor,,bkn,,@ mem,min,,@ gsw,mia,bos,We-12/12
Th-12/13,,,,,@ orl,,@ pho,,,,lal,,@ sas,@ hou,,,,,,,,chi,,dal,,,lac,,,,Th-12/13
Fr-12/14,@ bos,atl,was,nyk,,mil,,okc,,@ sac,,@ phi,,,mia,@ mem,@ cle,,,@ cha,@ den,,ind,,tor,gsw,,@ por,,@ bkn,Fr-12/14
Sa-12/15,,@ det,,lal,@ sas,,,,bos,,@ mem,,@ okc,@ cha,hou,,,@ pho,,,lac,uth,,min,,,chi,,@ orl,,Sa-12/15
Su-12/16,@ bkn,,atl,,,phi,sac,tor,,,,nyk,,@ was,,@ nor,,,mia,@ ind,,,@ cle,,,@ dal,,@ den,,lal,Su-12/16
Mo-12/17,,,,,@ okc,,,,mil,mem,uth,,por,,@ gsw,,@ det,sac,,pho,chi,,@ sas,@ nyk,@ lac,@ min,phi,,@ hou,,Mo-12/17
Tu-12/18,was,,lal,,,@ ind,@ den,dal,,,,cle,,@ bkn,,,,,,,,,,,,,,,,@ atl,Tu-12/18
We-12/19,,pho,@ chi,cle,bkn,@ cha,,,@ min,@ uth,was,@ tor,,,@ por,,nor,det,@ mil,@ phi,@ sac,sas,nyk,@ bos,mem,okc,@ orl,ind,gsw,@ hou,We-12/19
Th-12/20,,,,,,,@ lac,,,,@ mia,,dal,,,hou,,,,,,,,,,,,,,,Th-12/20
Fr-12/21,@ nyk,mil,ind,det,orl,@ tor,,,@ cha,,,@ bkn,,nor,@ sac,,@ bos,@ sas,@ lal,atl,,@ chi,,,uth,mem,min,cle,@ por,,Fr-12/21
Sa-12/22,,,,,,,@ gsw,@ lac,,dal,sas,,den,,,mil,@ mia,,,,@ uth,,tor,@ was,,,@ hou,@ phi,okc,pho,Sa-12/22
Su-12/23,@ det,cha,pho,@ bos,@ cle,chi,@ por,,atl,lac,,was,@ gsw,mem,@ lal,@ orl,,@ okc,@ sac,,min,mia,,@ bkn,dal,nor,,,,@ ind,Su-12/23
Mo-12/24,,,,,,,,,,,,,,,,,,,,,,,,,,,,,,,Mo-12/24
Tu-12/25,,phi,,,,,,,,lal,okc,,,@ gsw,,,@ nyk,,,mil,@ hou,,@ bos,,@ uth,,,,por,,Tu-12/25
We-12/26,ind,,cha,@ bkn,min,@ mem,nor,@ sas,was,,,@ atl,sac,,cle,tor,,@ chi,@ dal,,,pho,,@ orl,,@ lac,den,@ mia,,@ det,We-12/26
Th-12/27,,@ hou,,,,,,,,por,bos,,,@ sac,,,nyk,,,@ mil,,,@ uth,,@ gsw,lal,,,phi,,Th-12/27
Fr-12/28,@ min,,@ cha,bkn,@ was,@ mia,@ nor,sas,@ ind,,,det,@ lal,lac,,cle,,atl,dal,,@ pho,tor,,okc,,,@ den,@ orl,,chi,Fr-12/28
Sa-12/29,cle,@ mem,@ mil,@ was,,@ atl,,@ pho,,@ por,@ nor,,sas,,bos,,bkn,,hou,@ uth,,,,den,gsw,,@ lac,,nyk,cha,Sa-12/29
Su-12/30,,,,,@ tor,,okc,,@ orl,,,,,sac,,min,,@ mia,,,@ dal,det,@ por,,phi,@ lal,,chi,,,Su-12/30
Mo-12/31,@ ind,@ sas,,orl,,,@ okc,,,@ pho,mem,atl,,,@ hou,,,@ nor,min,,dal,@ cha,,gsw,,,bos,,,,Mo-12/31
Tu-1/1,,,,,,,,nyk,@ mil,,,,phi,,,,det,,,@ den,,,@ lac,,@ sac,por,,uth,@ tor,,Tu-1/1
We-1/2,@ was,min,nor,dal,orl,mia,@ cha,,@ mem,,,,,okc,det,@ cle,,@ bos,@ bkn,,@ lal,@ chi,@ pho,phi,,,,,,atl,We-1/2
Th-1/3,,,,,,,,@ sac,,hou,@ gsw,,,,,,,,,,,,,,,den,tor,@ sas,,,Th-1/3
Fr-1/4,@ mil,dal,@ mem,,ind,uth,@ bos,,,,,@ chi,@ pho,nyk,bkn,was,atl,orl,,@ lal,@ por,@ min,,lac,okc,,,,@ cle,@ mia,Fr-1/4
Sa-1/5,,,,@ den,,nor,@ phi,cha,uth,@ sac,@ por,,,,@ sas,,tor,,@ cle,,,,dal,,hou,gsw,mem,@ mil,@ det,,Sa-1/5
Su-1/6,mia,,@ chi,@ pho,bkn,,,,,,,@ tor,orl,@ min,,@ atl,,lal,,,was,@ lac,,cha,,,,ind,,@ okc,Su-1/6
Mo-1/7,,bkn,@ bos,,,,lal,@ hou,sas,,den,,,@ dal,@ nor,,uth,,mem,@ por,,@ sac,,,nyk,orl,@ det,,@ mil,,Mo-1/7
Tu-1/8,@ tor,,,@ lac,,ind,,@ mia,,nyk,,@ cle,cha,,,den,,@ okc,,@ gsw,min,,was,sac,,@ pho,,atl,,@ phi,Tu-1/8
We-1/9,@ bkn,ind,atl,,@ por,@ nor,pho,,@ lal,,mil,@ bos,,det,sas,,@ hou,,cle,,,@ uth,@ was,@ dal,chi,,@ mem,,orl,phi,We-1/9
Th-1/10,,@ mia,,,,,,lac,@ sac,,,,@ den,,,bos,,,,,@ sas,,,,,det,okc,,,,Th-1/10
Fr-1/11,@ phi,,@ tor,@ por,@ gsw,@ hou,@ min,,,chi,cle,@ nyk,,@ uth,,,@ was,dal,,ind,,,atl,,cha,,,bkn,lal,mil,Fr-1/11
Sa-1/12,,@ orl,,@ sac,@ uth,,,@ pho,@ lac,,,,det,,@ mia,mem,,nor,@ min,,sas,bos,,den,,cha,@ okc,,chi,,Sa-1/12
Su-1/13,mil,,,,,@ lal,gsw,por,,@ dal,@ orl,,,cle,,,@ atl,,,phi,,hou,@ nyk,,@ den,,,@ was,,tor,Su-1/13
Mo-1/14,,@ bkn,bos,@ sas,,,,,@ uth,,mem,,nor,,@ hou,,,,@ lac,,,,,,@ sac,por,cha,,det,,Mo-1/14
Tu-1/15,okc,,,,@ lal,,,gsw,,@ den,,pho,,chi,,@ mil,mia,@ phi,,,@ atl,,min,@ ind,,,,,,,Tu-1/15
We-1/16,,tor,@ hou,,,@ por,sas,,orl,nor,bkn,,uth,,mil,,@ mem,,@ gsw,,,@ det,,,cle,,@ dal,@ bos,@ lac,,We-1/16
Th-1/17,,,,sac,@ den,,,chi,,,,phi,,@ okc,,,,,,@ was,lal,,@ ind,@ tor,,@ cha,,pho,,nyk,Th-1/17
Fr-1/18,,mem,@ orl,,,@ uth,,,mia,@ lac,,,gsw,,@ bos,@ det,,sas,@ por,,,bkn,,,nor,,@ min,,cle,,Fr-1/18
Sa-1/19,bos,@ atl,,pho,mia,@ den,@ ind,cle,sac,,lal,dal,,@ hou,@ tor,@ chi,@ orl,,,,@ phi,mil,okc,@ cha,,@ det,,mem,,,Sa-1/19
Su-1/20,,,,@ ind,,,,,,,,cha,@ sas,,,,,pho,,,,,,@ min,,,lac,,,,Su-1/20
Mo-1/21,orl,mia,sac,,@ cle,chi,@ mil,,@ was,@ lal,@ phi,,,gsw,nor,@ bos,dal,,@ mem,okc,@ nyk,@ atl,hou,,@ uth,@ bkn,,,por,det,Mo-1/21
Tu-1/22,,,,,,,lac,,,,,,@ dal,,,,,@ pho,,,por,,,min,@ okc,@ tor,,sac,,,Tu-1/22
We-1/23,@ chi,cle,orl,@ mem,atl,@ bos,,@ uth,@ nor,,@ nyk,tor,@ mia,,cha,lac,,,det,hou,,@ bkn,sas,,,,@ phi,@ ind,den,,We-1/23
Th-1/24,,,,,,,,,,@ was,,,,min,,,,@ lal,@ okc,,nor,,,por,@ pho,,,,,gsw,Th-1/24
Fr-1/25,,,nyk,@ mil,lac,mia,det,pho,@ dal,,tor,,@ chi,,sac,@ cle,cha,@ uth,,@ bkn,,was,,@ den,,@ mem,,@ hou,min,@ orl,Fr-1/25
Sa-1/26,@ por,gsw,,,,,,phi,,@ bos,,@ mem,,,ind,,,,sas,,,,@ den,,atl,,@ nor,,,,Sa-1/26
Su-1/27,,,,,cle,@ chi,tor,,,,orl,,sac,pho,,@ nyk,@ okc,uth,,mia,mil,@ hou,,@ lal,,@ lac,was,@ dal,@ min,@ sas,Su-1/27
Mo-1/28,@ lac,bkn,@ bos,nyk,,,,@ mem,,@ ind,,gsw,atl,,den,,,,,@ cha,,,,,,,,,,,Mo-1/28
Tu-1/29,,,chi,,@ bkn,was,,,mil,,nor,,,phi,,,@ det,,@ hou,,@ orl,okc,@ lal,@ sas,,,pho,,,@ cle,Tu-1/29
We-1/30,@ sac,cha,,@ bos,@ mia,,@ nyk,@ nor,,,,@ was,,,@ min,chi,,mem,den,dal,,,,,uth,atl,,,@ por,ind,We-1/30
Th-1/31,,,@ sas,,,,@ det,,dal,phi,,@ orl,lal,@ lac,,,@ tor,,,,,ind,@ gsw,,,,bkn,mil,,,Th-1/31
Fr-2/1,@ uth,@ nyk,,mem,,,,hou,,,@ den,,,,@ cha,okc,,,,bos,@ mia,,,,,,,,atl,,Fr-2/1
Sa-2/2,@ pho,,@ orl,chi,@ cha,dal,@ cle,@ min,lac,lal,@ uth,@ mia,@ det,@ gsw,,ind,@ was,den,@ sas,,,bkn,@ sac,atl,,phi,nor,,hou,mil,Sa-2/2
Su-2/3,,okc,,,,,,,,,,,@ tor,,@ nyk,,,,,mem,@ bos,,,,,,,lac,,,Su-2/3
Mo-2/4,@ was,,mil,,,,,@ det,den,,@ pho,@ nor,,,,,@ bkn,,ind,,,,,hou,,sas,@ sac,,,atl,Mo-2/4
Tu-2/5,,@ cle,,lac,,bos,,,@ nyk,,,lal,@ cha,@ ind,min,@ por,,@ mem,,det,orl,@ okc,tor,,mia,,,@ phi,,,Tu-2/5
We-2/6,,,den,@ dal,nor,,cha,@ bkn,,sas,@ sac,,,,,,was,,@ chi,,,,,@ uth,,hou,@ gsw,,pho,@ mil,We-2/6
Th-2/7,tor,lal,,,,,,,,,,lac,@ ind,@ bos,@ okc,,,@ orl,,,mem,min,,,sas,,@ por,@ atl,,,Th-2/7
Fr-2/8,,,chi,,@ bkn,@ was,mil,@ phi,nyk,@ pho,,,,,,@ sac,@ dal,@ nor,min,@ det,,,den,gsw,,mia,,,,cle,Fr-2/8
Sa-2/9,cha,lac,,@ atl,was,@ ind,,,,,okc,cle,@ bos,,nor,,orl,,@ mem,tor,@ hou,@ mil,,,,,@ uth,@ nyk,sas,@ chi,Sa-2/9
Su-2/10,orl,,,,,,por,,,mia,,,,@ phi,,@ gsw,,,,,,@ atl,lal,@ sac,@ dal,pho,,,,,Su-2/10
Mo-2/11,,,@ tor,@ ind,mil,nyk,@ hou,mia,was,,dal,cha,@ min,,,@ den,@ chi,lac,,@ cle,por,,,,@ okc,,,bkn,,@ det,Mo-2/11
Tu-2/12,lal,@ phi,,,,,,,,uth,,,,@ atl,sas,,,,orl,,,@ nor,bos,,,,@ mem,,@ gsw,,Tu-2/12
We-2/13,,det,@ cle,,mem,bkn,mia,sac,@ bos,@ por,@ min,mil,pho,,@ chi,@ dal,@ ind,hou,,phi,,,@ nyk,@ lac,gsw,@ den,,was,,@ tor,We-2/13
Th-2/14,nyk,,,@ orl,,,,,,,,,,,,,,,okc,@ atl,@ nor,cha,,,,,,,,,Th-2/14
Fr-2/15,,,,,,,,,,,,,,,,,,,,,,,,,,,,,,,Fr-2/15
Sa-2/16,,,,,,,,,,,,,,,,,,,,,,,,,,,,,,,Sa-2/16
Su-2/17,,,,,,,,,,,,,,,,,,,,,,,,,,,,,,,Su-2/17
Mo-2/18,,,,,,,,,,,,,,,,,,,,,,,,,,,,,,,Mo-2/18
Tu-2/19,,,,,,,,,,,,,,,,,,,,,,,,,,,,,,,Tu-2/19
We-2/20,,,,,,,,,,,,,,,,,,,,,,,,,,,,,,,We-2/20
Th-2/21,,@ mil,por,,,pho,,,,sac,@ lal,,,hou,,@ phi,bos,,,,,,mia,@ cle,@ bkn,@ gsw,,,,,Th-2/21
Fr-2/22,det,,,was,@ orl,,den,@ dal,@ atl,,,nor,@ mem,,lac,,,@ nyk,@ ind,min,uth,chi,,,,,@ tor,sas,@ okc,@ cha,Fr-2/22
Sa-2/23,pho,@ chi,@ cha,bkn,bos,mem,@ uth,,@ mia,hou,@ gsw,@ was,,@ nor,@ cle,det,min,@ mil,lal,,sac,,por,@ atl,@ phi,@ okc,,,dal,ind,Sa-2/23
Su-2/24,,,,,,,,lac,,,,,@ den,,,,,,,sas,,@ tor,,,,,@ nyk,orl,,,Su-2/24
Mo-2/25,@ hou,,sas,gsw,mil,por,@ lac,,ind,@ cha,atl,@ det,dal,@ mem,lal,pho,@ chi,sac,phi,,,,@ nor,@ mia,@ cle,@ min,@ bkn,,,,Mo-2/25
Tu-2/26,,@ tor,,,,,,okc,,,,,,,,,,,,orl,@ den,@ nyk,,,,,,bos,,,Tu-2/26
We-2/27,min,por,was,hou,@ mem,,ind,,@ sas,@ mia,@ cha,@ dal,@ uth,nor,chi,gsw,@ sac,@ atl,@ lal,,,,,,@ bos,mil,det,,lac,@ bkn,We-2/27
Th-2/28,,,,,,@ nyk,,uth,,@ orl,mia,min,,,,@ hou,,@ ind,,cle,phi,gsw,@ okc,,,,,,@ den,,Th-2/28
Fr-3/1,chi,was,cha,@ bkn,@ atl,,,,,,,,@ sac,mil,,,@ lal,,@ pho,,,,,nor,@ tor,lac,,por,,@ bos,Fr-3/1
Sa-3/2,,,@ mia,,,det,mem,nor,@ cle,@ phi,,orl,,@ pho,@ dal,bkn,@ uth,,@ den,,@ sas,@ ind,gsw,lal,,,okc,,mil,,Sa-3/2
Su-3/3,@ chi,hou,,por,atl,orl,,,tor,,@ bos,,nyk,,@ okc,,,@ was,,@ lac,mem,@ cle,,,@ cha,,,@ det,,min,Su-3/3
Mo-3/4,@ mia,,dal,,,,@ bkn,@ sas,,,,,@ lal,lac,,atl,@ pho,,@ uth,@ sac,,,,mil,,nyk,den,,nor,,Mo-3/4
Tu-3/5,,@ gsw,,,@ ind,,,,,bos,@ tor,chi,,,por,,,okc,,,@ min,@ phi,orl,,@ mem,,,hou,,,Tu-3/5
We-3/6,sas,@ sac,cle,mia,phi,@ bkn,@ was,@ lal,min,,,,,den,,@ cha,,@ det,uth,@ pho,,,@ chi,nyk,,bos,@ atl,,@ nor,dal,We-3/6
Th-3/7,,,,,,,,,,,,@ mil,,,,,ind,,,,@ por,,,,okc,,,,,,Th-3/7
Fr-3/8,,,,was,det,@ mia,@ orl,@ gsw,@ chi,den,phi,,okc,,uth,cle,,,tor,,@ lac,dal,@ hou,,,,,@ nor,@ mem,@ cha,Fr-3/8
Sa-3/9,bkn,@ lal,@ atl,@ mil,,,,,,,,,,bos,,,cha,was,,sac,,,,@ por,pho,@ nyk,,,,@ min,Sa-3/9
Su-3/10,nor,,,,@ det,,hou,,chi,pho,@ dal,@ phi,,,orl,tor,@ sas,nyk,@ atl,@ min,,@ mem,ind,@ gsw,,,mil,@ mia,,,Su-3/10
Mo-3/11,,@ lac,det,@ hou,,tor,,,@ bkn,,cha,,bos,,,,,,,,@ uth,,,,,@ was,,@ cle,okc,sac,Mo-3/11
Tu-3/12,,,,,lal,@ phi,sas,min,,,,nyk,por,@ chi,,,@ nor,@ den,mil,@ ind,,,cle,,@ lac,,@ dal,,,,Tu-3/12
We-3/13,mem,,@ okc,,,,,,@ mia,@ hou,gsw,,,,@ atl,det,,,,,bkn,@ was,,uth,,,,,@ pho,orl,We-3/13
Th-3/14,,sac,,,,@ orl,@ den,dal,,,,okc,,@ tor,,,,@ uth,,,@ ind,cle,,,,@ bos,,lal,min,,Th-3/14
Fr-3/15,,,,@ was,@ lac,,,,lal,,pho,,chi,@ det,,mil,@ mia,,por,@ sas,,,sac,@ hou,@ nor,@ phi,nyk,,,cha,Fr-3/15
Sa-3/16,@ bos,atl,@ uth,,,@ dal,cle,ind,,@ okc,,@ den,,,@ was,,,,pho,,gsw,,,@ nor,@ sas,,por,,bkn,mem,Sa-3/16
Su-3/17,@ orl,,@ lac,@ mia,@ sac,,,,tor,,min,,bkn,@ nyk,,cha,phi,@ hou,,lal,,atl,@ mil,,,chi,,@ det,,,Su-3/17
Mo-3/18,,den,,,@ pho,det,nor,@ bos,@ cle,@ sas,,@ por,,,,@ okc,,,@ dal,@ tor,mia,,,chi,ind,,gsw,nyk,@ was,uth,Mo-3/18
Tu-3/19,hou,,@ sac,phi,,,,,,@ min,@ atl,@ lac,ind,@ mil,,,lal,gsw,,,,,@ cha,,,bkn,,,,,Tu-3/19
We-3/20,,@ phi,,,was,mil,@ por,,,,@ mem,,,,hou,@ sas,@ cle,,@ orl,uth,tor,nor,bos,,dal,,mia,@ okc,@ nyk,@ chi,We-3/20
Th-3/21,uth,,,min,,,@ sac,@ was,@ pho,ind,,@ gsw,,,,,,@ cha,,,,,,det,,dal,,,@ atl,den,Th-3/21
Fr-3/22,,,@ lal,,,lac,,@ nyk,,,sas,,@ cle,bkn,@ orl,@ mil,mia,,,den,@ tor,mem,,,,,@ hou,okc,,,Fr-3/22
Sa-3/23,phi,@ cha,,bos,uth,,@ gsw,,@ por,dal,,,,,min,@ was,,@ mem,,,,,@ atl,@ sac,det,pho,,,@ chi,mia,Sa-3/23
Su-3/24,,sas,,@ tor,,@ mil,,@ ind,@ gsw,det,@ nor,den,@ nyk,sac,,,cle,,hou,lac,,,,,,@ lal,@ bos,cha,,,Su-3/24
Mo-3/25,,,@ por,,,,,,,,,,,,okc,,,,,,@ mem,phi,@ orl,@ uth,bkn,,,,pho,,Mo-3/25
Tu-3/26,@ nor,@ cle,,sas,@ tor,bos,sac,det,@ den,,@ mil,,@ min,was,,orl,hou,lac,atl,,,@ mia,,,,@ dal,@ cha,chi,,@ lal,Tu-3/26
We-3/27,,,,,por,,,,,@ mem,,@ okc,,@ uth,gsw,,,,,,ind,,,was,@ chi,,,,lal,@ pho,We-3/27
Th-3/28,,,@ phi,,,@ sas,@ mia,@ hou,orl,,den,,@ mil,,,dal,lac,,sac,tor,,@ det,bkn,,,@ nor,cle,@ nyk,,,Th-3/28
Fr-3/29,por,ind,,@ lal,,,,@ okc,,@ min,,@ bos,,cha,,,,gsw,,,den,,,,@ atl,,,,was,@ uth,Fr-3/29
Sa-3/30,,@ bkn,bos,,tor,@ lac,,,por,,sac,orl,cle,,@ pho,@ nyk,,phi,,mia,,@ ind,@ min,mem,@ det,@ hou,,@ chi,,,Sa-3/30
Su-3/31,mil,,,@ gsw,,,@ okc,was,,cha,,,mem,@ nor,@ lac,,@ atl,,lal,,dal,,,,,@ sas,sac,,,@ den,Su-3/31
Mo-4/1,,mia,mil,@ uth,@ nyk,@ pho,phi,,@ ind,,,det,,,,@ bos,@ bkn,por,,chi,,@ tor,@ dal,cle,@ min,,,orl,cha,,Mo-4/1
Tu-4/2,@ sas,,,,,,,@ gsw,,den,@ sac,,,@ okc,,,,,,,lal,,,,,hou,atl,,,,Tu-4/2
We-4/3,phi,@ mia,tor,@ nor,@ was,,min,sas,ind,,@ lac,@ det,hou,,@ por,bos,,@ dal,cha,@ orl,,nyk,@ atl,uth,mem,,@ den,@ bkn,@ pho,chi,We-4/3
Th-4/4,,,,,,@ sac,,,,@ lal,,,,gsw,,,@ phi,,,,,,mil,,,cle,,,,,Th-4/4
Fr-4/5,@ orl,@ ind,,tor,,@ gsw,mem,por,@ okc,cle,nyk,bos,lal,@ lac,@ dal,@ min,,mia,@ pho,@ hou,det,atl,,nor,@ den,@ uth,@ was,@ cha,sac,sas,Fr-4/5
Sa-4/6,,,@ mil,,phi,,,,,,,,,,,,bkn,,,,,,@ chi,,,,,,,,Sa-4/6
Su-4/7,@ mil,orl,@ ind,@ det,,sas,@ mem,@ por,cha,lac,pho,bkn,@ gsw,uth,dal,@ tor,atl,okc,@ sac,was,@ min,@ bos,,@ hou,den,nor,@ cle,mia,@ lal,@ nyk,Su-4/7
Mo-4/8,,,,,,,,,,,,,,,,,,,,,,,,,,,,,,,Mo-4/8
Tu-4/9,,@ was,,@ cle,nyk,cha,pho,@ uth,mem,@ nor,@ okc,,,por,@ det,phi,,tor,gsw,@ chi,hou,,@ mia,@ dal,@ lal,,,@ min,den,bos,Tu-4/9
We-4/10,ind,,mia,orl,@ phi,,@ sas,min,@ nyk,@ mem,,@ atl,uth,,gsw,@ bkn,okc,@ den,,det,@ mil,@ cha,chi,,sac,@ por,dal,,@ lac,,We-4/10
Date,Atl,Bos,Bkn,Cha,Chi,Cle,Dal,Den,Det,Gsw,Hou,Ind,LAC,LAL,Mem,Mia,Mil,Min,NO,NY,OKC,Orl,Phi,,,,,,,,
Date,Tu-10/16,We-10/17,Th-10/18,Fr-10/19,Sa-10/20,Su-10/21,Mo-10/22,Tu-10/23,We-10/24,Th-10/25,Fr-10/26,Sa-10/27,Su-10/28,Mo-10/29,Tu-10/30,We-10/31,Th-11/1,Fr-11/2,Sa-11/3,Su-11/4,Mo-11/5,Tu-11/6,We-11/7,Th-11/8,Fr-11/9,Sa-11/10,Su-11/11,Mo-11/12,Tu-11/13,We-11/14,Th-11/15,Fr-11/16,Sa-11/17,Su-11/18,Mo-11/19,Tu-11/20,We-11/21,Th-11/22,Fr-11/23,Sa-11/24,Su-11/25,Mo-11/26,Tu-11/27,We-11/28,Th-11/29,Fr-11/30,Sa-12/1,Su-12/2,Mo-12/3,Tu-12/4,We-12/5,Th-12/6,Fr-12/7,Sa-12/8,Su-12/9,Mo-12/10,Tu-12/11,We-12/12,Th-12/13,Fr-12/14,Sa-12/15,Su-12/16,Mo-12/17,Tu-12/18,We-12/19,Th-12/20,Fr-12/21,Sa-12/22,Su-12/23,Mo-12/24,Tu-12/25,We-12/26,Th-12/27,Fr-12/28,Sa-12/29,Su-12/30,Mo-12/31,Tu-1/1,We-1/2,Th-1/3,Fr-1/4,Sa-1/5,Su-1/6,Mo-1/7,Tu-1/8,We-1/9,Th-1/10,Fr-1/11,Sa-1/12,Su-1/13,Mo-1/14,Tu-1/15,We-1/16,Th-1/17,Fr-1/18,Sa-1/19,Su-1/20,Mo-1/21,Tu-1/22,We-1/23,Th-1/24,Fr-1/25,Sa-1/26,Su-1/27,Mo-1/28,Tu-1/29,We-1/30,Th-1/31,Fr-2/1,Sa-2/2,Su-2/3,Mo-2/4,Tu-2/5,We-2/6,Th-2/7,Fr-2/8,Sa-2/9,Su-2/10,Mo-2/11,Tu-2/12,We-2/13,Th-2/14,Fr-2/15,Sa-2/16,Su-2/17,Mo-2/18,Tu-2/19,We-2/20,Th-2/21,Fr-2/22,Sa-2/23,Su-2/24,Mo-2/25,Tu-2/26,We-2/27,Th-2/28,Fr-3/1,Sa-3/2,Su-3/3,Mo-3/4,Tu-3/5,We-3/6,Th-3/7,Fr-3/8,Sa-3/9,Su-3/10,Mo-3/11,Tu-3/12,We-3/13,Th-3/14,Fr-3/15,Sa-3/16,Su-3/17,Mo-3/18,Tu-3/19,We-3/20,Th-3/21,Fr-3/22,Sa-3/23,Su-3/24,Mo-3/25,Tu-3/26,We-3/27,Th-3/28,Fr-3/29,Sa-3/30,Su-3/31,Mo-4/1,Tu-4/2,We-4/3,Th-4/4,Fr-4/5,Sa-4/6,Su-4/7,Mo-4/8,Tu-4/9,We-4/10,Date
Atl,,@ nyk,,@ mem,,@ cle,,,dal,,,chi,,@ phi,@ cle,,sac,,mia,,,@ cha,nyk,,det,,@ lal,,@ gsw,,@ den,,@ ind,,lac,,tor,,bos,,cha,,@ mia,@ cha,,@ okc,,,gsw,,was,,,den,,,,@ dal,,@ bos,,@ bkn,,was,,,@ nyk,,@ det,,,ind,,@ min,cle,,@ ind,,@ was,,@ mil,,mia,,@ tor,@ bkn,,@ phi,,mil,,okc,,,,bos,,orl,,@ chi,,,@ por,,@ lac,,@ sac,,@ uth,@ pho,,@ was,,,tor,,cha,orl,,lal,,nyk,,,,,,,,det,pho,,@ hou,,min,,chi,,@ chi,@ mia,,sas,,,bkn,nor,,,mem,,,@ bos,@ orl,,hou,,uth,,phi,,,@ nor,,,por,,mil,,@ sas,phi,,@ orl,,@ mil,,,ind,Atl
Bos,phi,,,@ tor,@ nyk,,orl,,,@ okc,,@ det,,,det,,mil,,@ ind,,@ den,,,@ pho,@ uth,,@ por,,,chi,,tor,uth,,@ cha,,nyk,,@ atl,@ dal,,@ nor,,,,cle,@ min,,,,,nyk,,@ chi,,nor,,@ was,,atl,@ det,,,,pho,,mil,,cha,,phi,,@ hou,,@ mem,,@ sas,,min,,dal,,,bkn,,ind,@ mia,,@ orl,,@ bkn,,tor,,mem,@ atl,,mia,,cle,,,gsw,,bkn,,cha,,@ nyk,,okc,,@ cle,,lal,,lac,,,@ phi,det,,,,,,,,@ mil,,@ chi,,,@ tor,por,,was,,hou,,@ gsw,@ sac,,,@ lal,,@ lac,,,sac,,atl,,den,,@ phi,,,@ cha,sas,,@ cle,,,ind,@ bkn,,mia,,@ mia,,@ ind,,orl,,@ was,,Bos
Bkn,,@ det,,nyk,@ ind,,,,@ cle,,@ nor,,gsw,@ nyk,,det,,hou,,phi,,@ pho,,,@ den,@ gsw,,@ min,,mia,,@ was,lac,,,@ mia,@ dal,,min,,phi,,,uth,,mem,@ was,,cle,,okc,,tor,@ nyk,,,,@ phi,,was,,atl,,lal,@ chi,,ind,,pho,,,cha,,@ cha,@ mil,,,,nor,,@ mem,,@ chi,@ bos,,atl,,@ tor,,,bos,,@ hou,,@ orl,,,sac,,orl,,nyk,,,@ bos,chi,,@ sas,,@ orl,,mil,,den,,chi,,,@ tor,,@ cle,,,,,,,,por,,@ cha,,sas,,was,,cha,@ mia,,dal,,cle,,,@ atl,,det,,@ okc,,,@ uth,@ lac,,@ sac,,,@ lal,,,@ por,,,@ phi,,bos,,mil,,tor,,,@ mil,@ ind,,,mia,Bkn
Cha,,mil,,@ orl,@ mia,,@ tor,,@ chi,,chi,@ phi,,,mia,,okc,,cle,,,atl,,,@ phi,,@ det,,@ cle,,,,phi,,bos,,ind,,@ okc,,@ atl,mil,,atl,,uth,,nor,,,@ min,,den,,@ nyk,,,det,,nyk,lal,,,,cle,,det,,@ bos,,,@ bkn,,bkn,@ was,,orl,,dal,,,@ den,@ pho,,@ lac,,,@ por,@ sac,,@ sas,,,sac,,pho,@ ind,,,@ mem,,@ mil,,,nyk,,@ bos,,mem,chi,,,lac,@ dal,,,@ atl,,@ ind,,,@ orl,,,,,,,,was,bkn,,gsw,,hou,,@ bkn,,por,,,mia,,was,@ mil,,@ hou,,,,@ was,,@ mia,,phi,,min,,bos,@ tor,,sas,,,@ lal,,@ gsw,@ uth,,@ nor,,tor,,@ det,,@ cle,orl,Cha
Chi,,,@ phi,,det,,@ dal,,cha,,@ cha,@ atl,,gsw,,den,,ind,hou,,@ nyk,,@ nor,,,cle,,dal,,@ bos,,@ mil,tor,,,,pho,,mia,@ min,,sas,,@ mil,,@ det,@ hou,,,@ ind,,,okc,bos,,sac,,,@ orl,,@ sas,,@ okc,,bkn,,orl,,@ cle,,,min,,@ was,,@ tor,,,orl,,ind,,bkn,,,@ por,,@ gsw,@ uth,,,@ lal,,@ den,,mia,,@ cle,,atl,,lac,,cle,,@ bkn,@ mia,,,@ cha,,,,nor,,@ bkn,was,,mil,,mem,,,,,,,,,@ orl,bos,,mil,,@ mem,,@ atl,,atl,,@ ind,phi,,det,,@ det,,lal,,,@ lac,,@ sac,@ pho,,was,,,uth,,,@ tor,por,,,tor,,@ nyk,,@ was,,,phi,,,nyk,@ phi,Chi
Cle,,@ tor,,@ min,,atl,,,bkn,@ det,,ind,,,atl,,den,,@ cha,,@ orl,,okc,,,@ chi,,,cha,@ was,,,,,@ det,,lal,,@ phi,hou,,min,,@ okc,,@ bos,tor,,@ bkn,,gsw,,sac,was,,@ mil,,nyk,,mil,,phi,,@ ind,@ cha,,@ tor,,chi,,,@ mem,,@ mia,@ atl,,,,mia,,uth,nor,,,ind,@ nor,,@ hou,,@ lal,,,@ por,,@ uth,@ den,,chi,,@ bos,,mia,,@ chi,,was,,,,dal,,,bos,,,@ was,@ ind,,nyk,,bkn,,,,,,,,pho,,mem,,por,,,@ nyk,,det,orl,,,@ bkn,,@ mia,,,tor,@ phi,,@ orl,,@ dal,,det,,mil,,lac,,@ mil,,bos,,@ sas,,@ lac,,@ pho,,,@ sac,@ gsw,,sas,,cha,,Cle
Dal,,@ pho,,,min,,chi,,@ atl,,@ tor,,uth,@ sas,,@ lal,,nyk,,,,was,@ uth,,,okc,,@ chi,,uth,,,gsw,,@ mem,,bkn,,,bos,,,,@ hou,,@ lal,,lac,,por,@ nor,,,hou,,orl,,atl,@ pho,,,sac,,@ den,,@ lac,,@ gsw,@ por,,,nor,,@ nor,,okc,@ okc,,@ cha,,@ bos,@ phi,,lal,,pho,,@ min,,gsw,,,sas,,,@ ind,,@ mil,lac,,,det,,tor,,,@ nyk,@ det,,@ cle,,,,cha,,mil,,por,@ hou,,mia,,,,,,,,,den,@ uth,,@ lac,,ind,,,mem,,@ bkn,,@ was,,@ orl,,hou,,sas,,@ den,,cle,,nor,,@ por,@ sac,,@ gsw,,,sac,,@ mia,,,@ okc,phi,,min,,mem,,@ mem,,pho,@ sas,Dal
Den,,@ lac,,,pho,gsw,,sac,,@ lal,,,,nor,,@ chi,@ cle,,uth,,bos,,@ mem,,bkn,,mil,,hou,,atl,,@ nor,,@ mil,,@ min,,orl,@ okc,,,lal,,,@ por,,,@ tor,,@ orl,,@ cha,@ atl,,mem,,,,okc,,tor,,dal,,,,@ lac,,,,@ sas,,sas,@ pho,,,nyk,,@ sac,,cha,,@ hou,@ mia,,lac,,@ pho,por,,gsw,,chi,,cle,,,,@ uth,,pho,phi,,@ mem,,@ nor,,hou,@ min,,@ det,,@ bkn,,@ phi,,,mia,,sac,,,,,,,,,@ dal,,lac,,okc,,uth,,nor,,@ sas,,@ lal,,@ gsw,,,,min,,dal,,ind,,@ bos,,,@ was,@ nyk,,@ ind,,det,,@ hou,@ okc,,was,,@ gsw,sas,,por,,@ por,,@ uth,min,Den
Det,,bkn,,,@ chi,,,phi,,cle,,bos,,,@ bos,@ bkn,,,@ phi,,mia,,@ orl,,@ atl,,cha,,,@ tor,,,,,cle,,@ hou,,hou,,pho,,nyk,,,chi,gsw,,okc,,@ mil,,phi,,nor,@ phi,,@ cha,,,bos,,mil,,@ min,,@ cha,,atl,,,was,,@ ind,,@ orl,,@ mil,@ mem,,,uth,,sas,,@ lal,@ sac,,@ lac,,@ uth,,orl,,mia,sac,,@ was,,@ nor,,@ dal,,,,mil,,dal,,lac,,den,@ nyk,,,nyk,,,was,,@ bos,,,,,,,,,@ atl,@ mia,,ind,,@ sas,,,@ cle,tor,,,min,,@ chi,,chi,@ bkn,,@ mia,,lal,,tor,@ cle,,,@ pho,,@ por,@ gsw,,@ den,,orl,,por,,@ ind,,ind,,@ okc,,cha,,mem,@ nyk,Det
Gsw,okc,,,@ uth,,@ den,pho,,was,,@ nyk,,@ bkn,@ chi,,nor,,min,,,mem,,,mil,,bkn,,@ lac,atl,,@ hou,,@ dal,@ sas,,,okc,,por,sac,,orl,,,@ tor,,@ det,,@ atl,,@ cle,,@ mil,,,min,,tor,,@ sac,,,mem,,@ uth,,,dal,lac,,lal,,por,,@ por,,@ pho,,,hou,,@ sac,,,nyk,,,chi,,@ dal,,@ den,nor,,@ lac,,,@ lal,,,@ was,,@ bos,,@ ind,,,phi,,lal,,,,sas,,@ pho,,mia,,uth,@ por,,,,,,,,sac,,hou,,@ cha,,@ mia,@ orl,,@ phi,,,bos,,,den,,pho,,,@ hou,,,@ okc,,@ sas,@ min,,ind,,dal,det,,,@ mem,,@ min,,cha,,den,,@ lal,cle,,lac,,@ nor,@ mem,Gsw
Hou,,nor,,,@ lal,@ lac,,,uth,,lac,,,,por,,,@ bkn,@ chi,,@ ind,,,@ okc,,@ sas,ind,,@ den,,gsw,,sac,,,,det,,@ det,@ cle,,@ was,,dal,,@ sas,chi,,@ min,,,@ uth,,@ dal,,,por,,lal,,@ mem,,uth,,was,@ mia,,sas,,,okc,,bos,,@ nor,,mem,,,@ gsw,,@ por,,den,,mil,,cle,,@ orl,mem,,bkn,,,lal,,@ phi,,@ nyk,,tor,,orl,,nor,,,@ den,@ uth,,@ pho,,@ sac,,,okc,,dal,,@ min,,,,,,,,@ lal,,@ gsw,,atl,,@ cha,mia,,,@ bos,,@ tor,,,phi,,@ dal,cha,,gsw,,pho,,min,,@ atl,@ mem,,sas,,@ nor,,@ mil,,den,,sac,,,@ sac,@ lac,,nyk,,pho,,@ okc,,Hou
Ind,,mem,,@ mil,bkn,,@ min,,@ sas,,,@ cle,,por,,@ nyk,,@ chi,bos,,hou,,phi,,@ mia,,@ hou,,,,,mia,atl,,uth,,@ cha,,sas,,,@ uth,@ pho,,@ lal,,@ sac,,,chi,,,@ orl,sac,,was,,mil,,@ phi,,nyk,,cle,@ tor,,@ bkn,,was,,,@ atl,,det,,,atl,,,,@ chi,,@ tor,,@ cle,@ bos,,@ nyk,,,,pho,,phi,,dal,cha,,,tor,,,@ mem,,gsw,,@ was,@ orl,,@ mia,,@ nor,lal,,lac,,cle,,cha,,mil,,,,,,,,,nor,@ was,,@ det,,@ dal,min,,orl,,,chi,,@ mil,,,@ phi,,nyk,,okc,,@ den,,@ por,@ lac,,@ gsw,,,den,,,@ okc,,@ bos,orl,,det,,@ det,,bos,,bkn,,,@ atl,Ind
LAC,,den,,okc,,hou,,@ nor,,,@ hou,,was,,@ okc,,@ phi,@ orl,,,min,,,@ por,,mil,,gsw,,,sas,,@ bkn,,@ atl,@ was,,,mem,,@ por,,,pho,@ sac,,,@ dal,@ nor,,@ mem,,,mia,,@ pho,tor,,@ sas,,@ okc,,por,,,dal,,den,@ gsw,,,sac,,@ lal,sas,,,phi,,,@ pho,,orl,,cha,,@ den,,det,,nor,,uth,,gsw,,@ sas,,@ dal,@ mia,,@ chi,,sac,atl,,,lal,,@ det,@ tor,,@ cha,,@ ind,,@ bos,,@ min,,pho,,,,,,,,,@ mem,,@ den,dal,,@ uth,,@ sac,,nyk,@ lal,,,,okc,,,bos,por,,,chi,,bkn,,ind,,,@ cle,,@ nyk,,@ min,,@ mil,,cle,mem,,,hou,,lal,,@ gsw,,,uth,LAC
LAL,,,@ por,,hou,,sas,,@ pho,den,,@ sas,,@ min,,dal,,,@ por,tor,,,min,,,@ sac,atl,,,por,,,@ orl,@ mia,,,@ cle,,uth,,orl,,@ den,,ind,dal,,pho,,,sas,,@ sas,@ mem,,mia,,,@ hou,,@ cha,@ was,,@ bkn,,,nor,,mem,,@ gsw,,@ sac,lac,,sac,,,okc,,nyk,,@ min,@ dal,,det,,@ uth,,cle,,chi,,@ okc,,@ hou,,gsw,,,min,,,pho,,phi,,@ lac,,@ gsw,,,@ ind,,@ bos,,,@ phi,,@ atl,,,,,,,,,hou,,@ nor,,@ mem,,nor,,mil,@ pho,,lac,,den,,,bos,,,@ chi,,@ tor,@ det,,@ nyk,,@ mil,,,bkn,,sac,,was,@ uth,,cha,,@ nor,,@ okc,,gsw,@ lac,,uth,,por,,LAL
Mem,,@ ind,,atl,,,@ uth,,@ sac,,,pho,,,was,,,@ uth,,@ pho,@ gsw,,den,,,phi,,uth,,@ mil,,sac,,@ min,dal,,@ sas,,@ lac,,nyk,,tor,,,@ bkn,,@ phi,,,lac,,@ nor,lal,,@ den,,por,,mia,hou,,@ gsw,,@ por,,@ sac,,@ lal,,,cle,,,bos,,@ hou,,det,,bkn,@ sas,,@ nor,,sas,,,@ mia,,@ hou,,mil,,@ bos,@ tor,,nor,,cha,,sac,ind,,den,,@ min,,@ cha,,@ nyk,,min,,@ okc,,nor,,,sas,@ chi,,,,,,,,,lac,@ cle,,lal,,chi,,,@ dal,@ okc,,por,,,uth,,orl,,,@ atl,,,@ was,,,,hou,,@ orl,min,,okc,,gsw,,,@ pho,@ lac,,,@ por,,@ dal,,dal,,@ det,gsw,Mem
Mia,,@ orl,@ was,,cha,,,,nyk,,,por,,sac,@ cha,,,,@ atl,,@ det,,sas,,ind,was,,phi,,@ bkn,,@ ind,,lal,,bkn,,,@ chi,,@ tor,,atl,,,nor,,uth,,orl,,,@ pho,@ lac,,@ lal,,@ uth,,@ mem,,@ nor,,,,hou,,mil,@ orl,,,tor,,cle,,min,,,@ cle,,was,,@ atl,,den,,bos,,mem,,,@ mil,,,@ det,@ chi,,@ bos,,lac,,@ cle,,@ nyk,,,chi,,okc,ind,,,@ por,,,@ sac,,@ gsw,@ den,,@ dal,,,,,,,,@ phi,,det,,pho,,gsw,@ hou,,bkn,,atl,,@ cha,,cle,,tor,,,det,,mil,,cha,@ okc,,@ sas,,@ mil,@ was,,,orl,,dal,,@ nyk,,@ bos,,bos,,@ min,,@ tor,,phi,@ bkn,Mia
Mil,,@ cha,,ind,,,nyk,,phi,,@ min,orl,,tor,,,@ bos,,,sac,,@ por,,@ gsw,,@ lac,@ den,,,mem,,chi,,,den,,por,,pho,sas,,@ cha,,chi,,,@ nyk,,,,det,,gsw,,@ tor,cle,,@ ind,,@ cle,,,@ det,,nor,,@ bos,@ mia,,,@ nyk,,nyk,,bkn,,,det,,,atl,tor,,uth,,@ hou,,@ was,,@ atl,,mia,@ mem,,,@ orl,,dal,,,,cha,,@ okc,,@ det,,@ tor,,@ was,,@ bkn,,was,,@ dal,orl,,@ chi,,@ ind,,,,,,,,bos,,min,,@ chi,,@ sac,,@ lal,@ uth,,@ pho,,,ind,,cha,@ sas,,@ nor,,,@ mia,,phi,,lal,@ cle,,mia,,cle,,hou,,lac,,,@ atl,@ bkn,,,@ phi,,bkn,atl,,,okc,Mil
Min,,@ sas,,cle,@ dal,,ind,,@ tor,,mil,,,lal,,uth,,@ gsw,,@ por,@ lac,,@ lal,,@ sac,,,bkn,,nor,,por,,mem,,,den,,@ bkn,chi,,@ cle,,sas,,,bos,,hou,,cha,,,@ por,,@ gsw,,@ sac,,,@ pho,,sac,,det,,@ sas,,@ okc,,,@ chi,,atl,,@ mia,@ nor,,@ bos,,orl,,lal,,@ okc,,,dal,nor,,,@ phi,,,sas,,pho,,@ pho,,@ lal,@ uth,,uth,,,mem,,,den,,,@ mem,,@ orl,@ nor,,,lac,,hou,,,,,,,,,@ nyk,@ mil,,sac,,@ atl,@ ind,,,@ was,,okc,@ det,,,was,nyk,,@ den,,@ uth,,,@ hou,,gsw,,@ cha,,@ mem,,,lac,,,gsw,phi,,por,,@ dal,,mia,,okc,,tor,@ den,Min
NO,,@ hou,,sac,,,,lac,,,bkn,uth,,@ den,,@ gsw,@ por,,@ sas,,@ okc,,chi,,,pho,,@ tor,,@ min,,nyk,den,,sas,,@ phi,,@ nyk,@ was,,bos,,was,,@ mia,,@ cha,lac,,dal,,mem,,@ det,@ bos,,okc,,,,mia,,,@ mil,,@ lal,,@ sac,,,@ dal,,dal,hou,,min,,@ bkn,,,@ cle,,mem,,cle,,,@ min,,@ lac,,@ gsw,,@ por,,,@ mem,,det,@ okc,,sas,,,@ hou,den,,,@ sas,,ind,,@ chi,,min,@ mem,,,orl,,okc,,,,,,,,@ ind,lal,,phi,,@ lal,,@ pho,@ den,,@ uth,,uth,,tor,,@ atl,,mil,,,por,pho,,@ dal,,@ orl,,,,hou,,atl,,sac,,,lal,,,cha,,@ pho,,@ sac,,gsw,,NO
NY,,atl,,@ bkn,bos,,@ mil,,@ mia,,gsw,,,bkn,,ind,,@ dal,,@ was,chi,,@ atl,,,@ tor,orl,,,@ okc,,@ nor,,@ orl,,por,@ bos,,nor,,@ mem,,@ det,@ phi,,,mil,,was,,,@ bos,,bkn,cha,,,@ cle,,@ cha,,@ ind,pho,,@ phi,,atl,,,,mil,,@ mil,,@ uth,,,@ den,,,@ lal,,,@ por,@ gsw,,,ind,,phi,,,,@ was,,,,okc,,hou,,@ bkn,,mia,@ cha,,dal,,bos,,mem,,det,,,@ det,tor,,@ cle,,phi,@ atl,,,,,,,,min,,sas,,orl,,cle,,,@ lac,@ sac,,@ pho,,,sac,@ min,,@ ind,,,@ sas,,lal,@ tor,,uth,,den,,lac,,,,tor,,mia,,chi,,@ orl,,@ hou,,was,,@ chi,det,NY
OKC,@ gsw,,,@ lac,,sac,,,,bos,,,pho,,lac,,@ cha,@ was,,,nor,,@ cle,hou,,@ dal,,pho,,nyk,,,@ pho,,@ sac,,@ gsw,,cha,den,,,,cle,,atl,,,@ det,,@ bkn,,@ chi,,,uth,,@ nor,,@ den,lac,,chi,,@ sac,,,@ uth,min,,@ hou,,,@ pho,,@ dal,dal,,@ lal,,@ por,,was,,min,,@ sas,,sas,,,@ atl,,lal,,@ phi,,@ nyk,por,,nor,,,mil,,@ orl,,,@ mia,,@ bos,,orl,,mem,,@ hou,,por,,,@ nor,,,,,,,,uth,sac,,,@ den,,phi,,@ sas,mem,,@ min,,@ por,@ lac,,,@ uth,,bkn,@ ind,,gsw,,mia,,tor,,@ tor,,,@ mem,,ind,,den,,dal,,lal,,,det,,@ min,,hou,@ mil,OKC
Orl,,mia,,cha,@ phi,,@ bos,,,por,,@ mil,,,sac,,,lac,,@ sas,cle,,det,,was,,@ nyk,@ was,,phi,,,lal,nyk,,tor,,,@ den,,@ lal,@ gsw,,@ por,,@ pho,,,,@ mia,den,,ind,,,@ dal,,,chi,,uth,,,,sas,,@ chi,,mia,,,pho,,tor,,det,@ cha,,@ chi,,@ min,,@ lac,@ sac,,@ uth,,,bos,hou,,,@ det,,bkn,mil,,@ atl,,@ bkn,,was,,@ hou,,okc,,ind,,bkn,,,@ okc,,min,,@ mil,@ atl,,@ nor,,cha,,,,,,,,chi,,@ tor,,@ nyk,,gsw,,@ ind,@ cle,,@ phi,,,dal,,@ mem,,,@ was,cle,,,atl,,,nor,,mem,,,phi,@ mia,,@ det,,@ ind,,@ tor,,nyk,,atl,,@ bos,,,@ cha,Orl
Phi,@ bos,,chi,,orl,,,@ det,@ mil,,,cha,,atl,@ tor,,lac,,det,@ bkn,,,@ ind,,cha,@ mem,,@ mia,,@ orl,,uth,@ cha,,pho,,nor,,cle,,@ bkn,,,nyk,,was,,mem,,,@ tor,,@ det,,,det,,bkn,,ind,,@ cle,@ sas,,nyk,,,tor,,,@ bos,,@ uth,,,@ por,,@ lac,@ pho,,,dal,,,was,@ was,,atl,,@ nyk,,min,,@ ind,,okc,,hou,,sas,,,@ den,,,@ lal,,@ gsw,,@ sac,,,tor,,,den,,lal,,bos,@ nyk,,,,,,,,mia,,por,,@ nor,,,@ okc,,gsw,,,orl,@ chi,,@ hou,,ind,,cle,,,sac,,@ mil,,@ cha,bos,,,@ atl,,@ orl,,,bkn,,@ min,,@ dal,,@ atl,mil,,@ chi,,,@ mia,chi,Phi
Pho,,dal,,,@ den,,@ gsw,,lal,,,@ mem,@ okc,,,sas,,tor,,mem,,bkn,,bos,,@ nor,,@ okc,,sas,,,okc,,@ phi,,@ chi,,@ mil,,@ det,,ind,@ lac,,orl,,@ lal,,sac,,@ por,mia,,,lac,@ sas,,dal,,min,,@ nyk,,@ bos,,,@ was,@ bkn,,,@ orl,,okc,den,,gsw,,phi,,lac,,cha,,sac,@ dal,,,den,,,@ ind,,@ tor,,@ cha,@ min,,min,,por,@ den,,@ lal,,@ sas,,,,atl,,hou,,@ uth,,gsw,,@ sac,,,@ lac,,,,,,,,@ cle,,@ atl,,@ mia,,,,nor,lal,,mil,,nyk,,,@ por,@ gsw,,,uth,,@ hou,@ nor,,chi,,,det,,@ sac,,@ uth,,was,,,mem,,cle,,uth,,nor,,@ hou,,@ dal,,
Por,,,lal,,sas,,was,,,@ orl,,@ mia,,@ ind,@ hou,,nor,,lal,min,,mil,,lac,,,bos,,,@ lal,,@ min,,@ was,,@ nyk,@ mil,,@ gsw,,lac,,,orl,,den,,@ sas,,@ dal,,pho,,min,,,@ hou,@ mem,,tor,,,@ lac,,mem,,uth,,dal,,@ uth,,@ gsw,,gsw,phi,,@ sac,,,okc,hou,,nyk,,chi,,cha,,@ den,@ sac,,cle,,nor,,,@ uth,@ okc,,@ pho,,atl,,,,uth,,,,,,mia,,sas,,,@ dal,@ okc,,gsw,,,,,,,,@ bkn,,@ phi,,@ cle,,@ bos,,@ tor,,@ cha,,@ mem,,okc,,pho,,,@ lac,,,@ nor,@ sas,,ind,,dal,,,det,,bkn,,@ chi,,@ atl,@ det,,@ min,,mem,,@ den,,den,,@ lal,sac,
Sac,,uth,,@ nor,,@ okc,,@ den,mem,,was,,,@ mia,@ orl,,@ atl,,,@ mil,,,tor,,min,lal,,sas,,,,@ mem,@ hou,,okc,,@ uth,,,@ gsw,uth,,,,lac,,ind,,,@ pho,,,@ cle,@ ind,,@ chi,,min,,gsw,,@ dal,@ min,,okc,,mem,,nor,,,@ lac,lal,,,@ lal,,por,,den,,gsw,,orl,@ pho,,det,,cha,,por,,,@ cha,,@ det,,@ bkn,@ tor,,,@ mem,,@ lac,,,atl,,,phi,,sas,,hou,,mia,,pho,,,@ den,,,,,,,,@ gsw,,@ okc,,@ min,,mil,,lac,,,nyk,,bos,,,@ nyk,,@ was,,,@ bos,@ phi,,chi,,bkn,,dal,,pho,@ lal,,@ dal,,@ nor,,@ hou,@ sas,,hou,,cle,@ uth,,nor,,,@ por,
SA,,min,,,@ por,,@ lal,,ind,,,lal,,dal,,@ pho,,,nor,orl,,,@ mia,,,hou,,@ sac,,@ pho,@ lac,,,gsw,@ nor,,mem,,@ ind,@ mil,,@ chi,,@ min,,hou,,por,,@ uth,@ lal,,lal,,uth,,pho,,lac,,chi,,phi,,@ orl,,min,@ hou,,,,den,,@ den,@ lac,,bos,,,tor,,mem,,@ det,,@ mem,okc,,@ okc,,cha,,@ dal,,@ min,,lac,,,@ phi,,,@ nor,was,,pho,,bkn,,nor,,@ sac,,@ gsw,@ por,,@ uth,,,@ mem,,,,,,,,,,@ tor,,@ nyk,@ bkn,,det,,,okc,,den,,@ atl,,,,mil,,@ dal,,,nyk,por,,gsw,,mia,,@ hou,,@ bos,,@ cha,,cle,,,sac,,atl,@ den,,@ was,,@ cle,,,dal,
Tor,,cle,,bos,@ was,,cha,,min,,dal,,,@ mil,phi,,,@ pho,,@ lal,@ uth,,@ sac,,,nyk,,nor,,det,,@ bos,@ chi,,,@ orl,@ atl,,was,,mia,,@ mem,,gsw,,@ cle,,den,,phi,,@ bkn,,mil,,@ lac,@ gsw,,@ por,,@ den,,,ind,,cle,@ phi,,,,@ mia,,@ orl,,chi,,uth,,@ sas,,@ mil,ind,,atl,,,bkn,,@ was,,,@ bos,pho,,mem,,,sac,@ ind,,@ hou,,@ dal,,,,mil,,,lac,,@ phi,,@ atl,,@ nyk,,bkn,,was,,,,,,,,,sas,,orl,,bos,,,por,,@ det,,hou,,,@ nor,,@ mia,@ cle,,,lal,,,@ det,nyk,,@ okc,,okc,,cha,,chi,,@ nyk,,@ chi,,orl,,@ bkn,,@ cha,,mia,,@ min,,
Uth,,@ sac,,gsw,,,mem,,@ hou,,,@ nor,@ dal,,,@ min,,mem,@ den,,tor,,dal,,bos,,,@ mem,,@ dal,,@ phi,@ bos,,@ ind,,sac,,@ lal,,@ sac,ind,,@ bkn,,@ cha,,@ mia,,sas,,hou,,,@ sas,@ okc,,mia,,,@ orl,,@ hou,,gsw,,@ por,okc,,,por,,phi,,nyk,,,@ tor,,,@ cle,@ det,,@ mil,,orl,,lal,chi,,det,,@ lac,,cle,,,por,,den,,min,,@ min,,,@ por,,atl,hou,,,,pho,,,sas,,,@ gsw,,,,,,,,,,@ okc,dal,,,,lac,@ den,,mil,,nor,,@ nor,,@ mem,,,okc,,@ pho,min,,bkn,,@ was,,@ nyk,@ atl,,@ chi,,pho,,lal,,was,,,cha,,@ pho,,sac,,@ lal,,den,@ lac,
Was,,,mia,,tor,,@ por,,@ gsw,,@ sac,,@ lac,,@ mem,,,okc,,nyk,,@ dal,,,@ orl,@ mia,,orl,,cle,,bkn,,por,,lac,,,@ tor,nor,,hou,,@ nor,,@ phi,bkn,,@ nyk,,@ atl,,,@ cle,,@ ind,,bos,,@ bkn,,lal,,@ atl,@ hou,,,pho,@ ind,,,@ det,,chi,cha,,,,atl,,@ mia,,@ okc,,@ phi,phi,,mil,,tor,,,,nyk,,,,det,,,gsw,@ orl,,@ sas,,@ cle,ind,,,mil,,atl,,@ mil,,cle,@ chi,,@ det,,@ tor,,,,,,,,,@ cha,ind,,,,@ bkn,,@ bos,,min,,,dal,,@ cha,@ min,,sac,,orl,,cha,mem,,uth,,@ chi,den,,mia,,,@ lal,@ pho,,@ uth,,@ den,,,chi,,sas,,@ nyk,,bos,,
Date,Tu-10/16,We-10/17,Th-10/18,Fr-10/19,Sa-10/20,Su-10/21,Mo-10/22,Tu-10/23,We-10/24,Th-10/25,Fr-10/26,Sa-10/27,Su-10/28,Mo-10/29,Tu-10/30,We-10/31,Th-11/1,Fr-11/2,Sa-11/3,Su-11/4,Mo-11/5,Tu-11/6,We-11/7,Th-11/8,Fr-11/9,Sa-11/10,Su-11/11,Mo-11/12,Tu-11/13,We-11/14,Th-11/15,Fr-11/16,Sa-11/17,Su-11/18,Mo-11/19,Tu-11/20,We-11/21,Th-11/22,Fr-11/23,Sa-11/24,Su-11/25,Mo-11/26,Tu-11/27,We-11/28,Th-11/29,Fr-11/30,Sa-12/1,Su-12/2,Mo-12/3,Tu-12/4,We-12/5,Th-12/6,Fr-12/7,Sa-12/8,Su-12/9,Mo-12/10,Tu-12/11,We-12/12,Th-12/13,Fr-12/14,Sa-12/15,Su-12/16,Mo-12/17,Tu-12/18,We-12/19,Th-12/20,Fr-12/21,Sa-12/22,Su-12/23,Mo-12/24,Tu-12/25,We-12/26,Th-12/27,Fr-12/28,Sa-12/29,Su-12/30,Mo-12/31,Tu-1/1,We-1/2,Th-1/3,Fr-1/4,Sa-1/5,Su-1/6,Mo-1/7,Tu-1/8,We-1/9,Th-1/10,Fr-1/11,Sa-1/12,Su-1/13,Mo-1/14,Tu-1/15,We-1/16,Th-1/17,Fr-1/18,Sa-1/19,Su-1/20,Mo-1/21,Tu-1/22,We-1/23,Th-1/24,Fr-1/25,Sa-1/26,Su-1/27,Mo-1/28,Tu-1/29,We-1/30,Th-1/31,Fr-2/1,Sa-2/2,Su-2/3,Mo-2/4,Tu-2/5,We-2/6,Th-2/7,Fr-2/8,Sa-2/9,Su-2/10,Mo-2/11,Tu-2/12,We-2/13,Th-2/14,Fr-2/15,Sa-2/16,Su-2/17,Mo-2/18,Tu-2/19,We-2/20,Th-2/21,Fr-2/22,Sa-2/23,Su-2/24,Mo-2/25,Tu-2/26,We-2/27,Th-2/28,Fr-3/1,Sa-3/2,Su-3/3,Mo-3/4,Tu-3/5,We-3/6,Th-3/7,Fr-3/8,Sa-3/9,Su-3/10,Mo-3/11,Tu-3/12,We-3/13,Th-3/14,Fr-3/15,Sa-3/16,Su-3/17,Mo-3/18,Tu-3/19,We-3/20,Th-3/21,Fr-3/22,Sa-3/23,Su-3/24,Mo-3/25,Tu-3/26,We-3/27,Th-3/28,Fr-3/29,Sa-3/30,Su-3/31,Mo-4/1,Tu-4/2,We-4/3,Th-4/4,Fr-4/5,Sa-4/6,Su-4/7,Mo-4/8,Tu-4/9,We-4/10,
